configuration,controller,origin,status,physics_steps,depth_rmse_m,attitude_rmse_rad,normalized_tracking_score,improvement_percent,solve_median_seconds,whole_cycle_median_ms,reason
base,feedback,reused_v76,accepted,240,0.002784724627111971,0.0185121671048901,0.23357443494671923,0.0,,53.63796092569828,
base,projected_koopman,new_v78,accepted,240,0.003447889287819849,0.019277738246075694,0.26198934628028814,-12.165248880961933,7.646225534379482,7604.670558124781,
base,nominal_physics,new_v78,not_run,0,,,,,,,
uuv4,feedback,reused_v76,accepted,240,0.0016929777665514747,0.018188562853152162,0.21393032095951076,0.0,,52.84144729375839,
uuv4,projected_koopman,reused_v77,accepted,240,0.00041065244141101176,0.017321501449284314,0.18794309635506615,12.147518167545336,13.813982032239437,12662.38646581769,
uuv4,nominal_physics,reused_v77,accepted,240,0.0006738152248103447,0.017439706367759458,0.1912246662640092,10.613574828319416,16.741855569183826,16758.99544171989,
long_body,feedback,reused_v76,accepted,240,0.0011134550646684325,0.01819984207482225,0.21012086267038343,0.0,,51.95945315063,
long_body,projected_koopman,new_v78,not_run,0,,,,,,,
long_body,nominal_physics,new_v78,not_run,0,,,,,,,
uuv6,feedback,reused_v76,accepted,240,0.0014895220611882611,0.018099627557102874,0.2102945134930649,0.0,,52.726274356245995,
uuv6,projected_koopman,new_v78,not_run,0,,,,,,,
uuv6,nominal_physics,new_v78,not_run,0,,,,,,,
