configuration,controller,origin,status,physics_steps,depth_rmse_m,attitude_rmse_rad,normalized_tracking_score,improvement_percent,full_task_cost_depth4,full_task_cost_depth4_improvement_percent,solve_median_seconds,whole_cycle_median_ms,reason
base,feedback,reused_v76,accepted,240,0.002784724627111971,0.0185121671048901,0.23357443494671923,0.0,0.0009355010673967479,,,53.63796092569828,
base,projected_koopman,new_v78,accepted,240,0.003447889287819849,0.019277738246075694,0.26198934628028814,-12.165248880961933,0.001102072203318026,-17.805552738149345,7.646225534379482,7604.670558124781,
base,nominal_physics,new_v78,accepted,240,0.002587859124835674,0.019425882703263935,0.2525956113755937,-8.143518117988148,0.0009999556456881792,-6.889845510362846,11.98099172115326,11628.234881907701,
uuv4,feedback,reused_v76,accepted,240,0.0016929777665514747,0.018188562853152162,0.21393032095951076,0.0,0.0010940089775164153,,,52.84144729375839,
uuv4,projected_koopman,reused_v77,accepted,240,0.00041065244141101176,0.017321501449284314,0.18794309635506615,12.147518167545336,0.0009993872563939501,8.649080863785263,13.813982032239437,12662.38646581769,
uuv4,nominal_physics,reused_v77,accepted,240,0.0006738152248103447,0.017439706367759458,0.1912246662640092,10.613574828319416,0.0010226025549364079,6.527041738004014,16.741855569183826,16758.99544171989,
long_body,feedback,reused_v76,accepted,240,0.0011134550646684325,0.01819984207482225,0.21012086267038343,0.0,0.0008559810064475367,,,51.95945315063,
long_body,projected_koopman,new_v78,accepted,240,0.0014687135376315217,0.018369370316906733,0.21628890228883907,-2.9354722515733345,0.0009419674088304451,-10.045363359143478,7.974946487694979,7954.772248864174,
long_body,nominal_physics,new_v78,accepted,240,0.0017575259727738361,0.01832316679657052,0.2175587697717767,-3.539823226911598,0.000942297528599761,-10.083929608491204,8.004073694348335,8030.7431276887655,
uuv6,feedback,reused_v76,accepted,240,0.0014895220611882611,0.018099627557102874,0.2102945134930649,0.0,0.001174541364213114,,,52.726274356245995,
uuv6,projected_koopman,new_v78,accepted,240,0.0009277861837838886,0.018545258542793455,0.21710610201895925,-3.2390709642165616,0.0012295446565956589,-4.6829591582238095,21.82169596850872,21888.772312551737,
uuv6,nominal_physics,new_v78,accepted,240,0.0008179911058982658,0.018468295410977425,0.2148464832402778,-2.164568952181911,0.001229178508647188,-4.6517854627178945,21.567325223237276,21673.91813546419,
