configuration,arm,normalized_tracking_score,normalized_tracking_score_gain_vs_feedback_percent,normalized_tracking_score_gain_vs_physical_on_percent,actual_objective,actual_objective_gain_vs_feedback_percent,actual_objective_gain_vs_physical_on_percent,depth_rmse_m,attitude_rmse_rad,control_squared_integral,cycle_median_ms,cycle_p95_ms,terminal_depth_error_m,terminal_attitude_error_rad
base,feedback,0.23357443494671923,0.0,-52.61528726772222,0.0009355010673967479,0.0,-29.099120764881835,0.002784724627111971,0.0185121671048901,0.000920621410309938,48.60190488398075,50.83709228783846,0.0021257400512695312,0.001011691231195839
base,identified-off,0.2836984077196389,-21.459528644200066,-85.3658085543673,0.0012579353617363169,-34.46648064622933,-73.59504423776207,0.0032715401470781555,0.020275738028876916,0.0010767081850255233,5612.478392198682,22757.93526992201,0.002903461456298828,0.009576683240464751
base,identified-on,0.1530478624575637,34.475764656146765,0.0,0.0007246378301061423,22.54013861014421,0.0,0.00027406679399518064,0.01563892993467963,0.0009997885089603556,23147.39788323641,27053.674397431314,5.9604644775390625e-05,0.002287566401372631
uuv4,feedback,0.21393032095951076,0.0,-43.69935051791891,0.0010940089775164153,0.0,-21.181400740408197,0.0016929777665514747,0.018188562853152162,0.022722586165262917,56.249070912599564,65.92207364737988,0.002231121063232422,0.00016078224002242966
uuv4,identified-off,0.20128505325569387,5.910928215832556,-35.20538506218711,0.0010412276218957953,4.824581580714494,-15.334905201034621,0.0008683943092987903,0.01786168106599768,0.01861504296327776,16413.62871043384,19185.553857311606,0.0007290840148925781,0.0006969440482932368
uuv4,identified-on,0.14887354757587037,30.410263066895162,0.0,0.0009027862121019499,17.479085578307895,0.0,0.00037776631880347453,0.01541514990374415,0.02085481216806622,17922.471445053816,19869.037609547377,0.0003223419189453125,0.002018184354691248
base,learned_0.001,0.1575916562139488,32.53043457007737,-2.968871099160242,0.0007184168915993534,23.205123261000903,0.8584893374774083,0.00019067601199993487,0.015874546310874815,0.0011279914323523179,25087.737573310733,28697.506658919156,0.00025272369384765625,0.0008683110379318433
base,learned_0.1,0.1803978185546272,22.7664540446056,-17.870198026873418,0.0007886649399274447,15.69598716524283,-8.835739339184645,0.0016038928158599716,0.016683723236386255,0.0010987316935538065,13006.381504237652,27502.825099788606,0.0008692741394042969,0.0011820110444469255
uuv4,learned_0.001,0.1314229461708843,38.56740569479261,11.721760977108941,0.0008802375289623113,19.540191437861974,2.4976769513502695,0.00035238832056035433,0.014483784165733258,0.019399347826193996,9881.54798001051,20575.476323626935,0.00026798248291015625,0.0022257236242781155
uuv4,learned_0.1,0.1343343958656436,37.20647205915788,9.766108181721933,0.0008929692403893334,18.376424806264012,1.0874082458303902,0.0003058388285262054,0.014647896908051088,0.020193322168548886,18750.933531671762,21297.055516391993,9.107589721679688e-05,0.0027349585513916884
