model,horizon_physics,total,complete,failed,metrics_exclude_failures_explicitly,fold,z_rmse_m,attitude_rmse_rad,linear_velocity_rmse_m_s,angular_velocity_rmse_rad_s
LK_0.001,1,72,72,0,True,pooled,3.119922382547048e-06,8.829212902628317e-06,8.742678422820947e-05,0.0005719337847633531
LK_0.001,80,72,72,0,True,pooled,0.001761439897696213,0.006710032356160352,0.0044375965021284354,0.014971592207159858
LK_0.001,128,72,72,0,True,pooled,0.0034884043021526714,0.011844430073085055,0.00703605647993095,0.019882073428434847
LK_0.001_relift_diagnostic,1,72,72,0,True,pooled,3.119922382547048e-06,8.829212902628317e-06,8.742678422820947e-05,0.0005719337847633531
LK_0.001_relift_diagnostic,80,72,72,0,True,pooled,0.0015204955490666892,0.006314346215752159,0.003599583236018049,0.013490126783677371
LK_0.001_relift_diagnostic,128,72,72,0,True,pooled,0.002853362675743397,0.01096936059929882,0.006311110120337264,0.017792991953137525
LK_0.1,1,72,72,0,True,pooled,5.1906684248944425e-05,0.00013280127766535047,0.0003884121046282326,0.0035654413028565874
LK_0.1,80,72,72,0,True,pooled,0.006476316519029305,0.03253759303954366,0.01641361928287996,0.08059656767480256
LK_0.1,128,72,72,0,True,pooled,0.01175092241163438,0.05209898554005009,0.02336850274971406,0.11260401488054307
LK_0.1_relift_diagnostic,1,72,72,0,True,pooled,5.1906684248944425e-05,0.00013280127766535047,0.0003884121046282326,0.0035654413028565874
LK_0.1_relift_diagnostic,80,72,72,0,True,pooled,0.006268030980531113,0.03308994068039097,0.018045575939549998,0.0821550214744595
LK_0.1_relift_diagnostic,128,72,69,3,True,pooled,0.012973486659556725,0.04263796359802406,0.030651922323233008,0.11079894279301761
P,1,72,72,0,True,pooled,1.3087599559339298e-07,3.45264367392111e-06,1.1190556814572214e-07,4.329264055613576e-06
P,80,72,72,0,True,pooled,1.0007962933463897e-06,8.394113436182252e-05,2.3938276286505268e-05,0.00011175895927782213
P,128,72,72,0,True,pooled,1.7780337749719515e-06,0.00011199150873317808,3.690419257731481e-05,0.00014742747009989496
R53_0.001,1,72,72,0,True,pooled,1.308787407618862e-07,3.4529044828274105e-06,1.1310987792602678e-07,4.9271938391987624e-06
R53_0.001,80,72,72,0,True,pooled,1.0112086210050868e-06,9.346114923511848e-05,2.414400906320327e-05,0.00013435072114763118
R53_0.001,128,72,72,0,True,pooled,1.8281721720010118e-06,0.00013740696542047608,3.628272474746128e-05,0.00017685166249703776
R53_0.1,1,72,72,0,True,pooled,1.3088042334860037e-07,3.4532402899407328e-06,1.1317457169537924e-07,4.791689743808793e-06
R53_0.1,80,72,72,0,True,pooled,1.0118234131885448e-06,9.250750239776381e-05,2.4180851636009715e-05,0.00013164482182085035
R53_0.1,128,72,72,0,True,pooled,1.8244111228492038e-06,0.0001349671221331338,3.7029080637143177e-05,0.00017312850405095225
Rc_0.001,1,72,72,0,True,pooled,1.308735872780567e-07,3.4538957342178353e-06,1.1244772400440226e-07,4.316609556500442e-06
Rc_0.001,80,72,72,0,True,pooled,1.0031640049058662e-06,8.421439333238826e-05,2.4271047019563392e-05,0.00010476038905570437
Rc_0.001,128,72,72,0,True,pooled,1.8161058730248906e-06,0.00010581148357097452,3.786862606214193e-05,0.00013326834109583699
Rc_0.1,1,72,72,0,True,pooled,1.3087423087690216e-07,3.4535796362952254e-06,1.123177179709736e-07,4.314272086749638e-06
Rc_0.1,80,72,72,0,True,pooled,1.002614859914547e-06,8.39714730959065e-05,2.4189396401670916e-05,0.00010525147697816297
Rc_0.1,128,72,72,0,True,pooled,1.8069045017980735e-06,0.00010586229075838345,3.7608612355396116e-05,0.00013402718931856272
persistence,1,72,72,0,True,pooled,0.0002866727056825766,0.0014856048259861143,0.0005952101883365113,0.0048898717035522074
persistence,80,72,72,0,True,pooled,0.01328077191025701,0.05058446374828773,0.022893085166870993,0.14389118251064503
persistence,128,72,72,0,True,pooled,0.02176571442798947,0.05798303901597127,0.028358913009370445,0.14798608607931676
LK_0.001,1,9,9,0,True,loco_base,1.2575611931466696e-05,2.99597545673693e-05,0.00047580037118137163,0.0014706879148023975
LK_0.001,80,9,4,5,True,loco_base,0.005946802787365793,0.04893071064612539,0.04216299176718661,0.22977657341895052
LK_0.001,128,9,0,9,True,loco_base,,,,
LK_0.001_relift_diagnostic,1,9,9,0,True,loco_base,1.2575611931466696e-05,2.99597545673693e-05,0.00047580037118137163,0.0014706879148023975
LK_0.001_relift_diagnostic,80,9,9,0,True,loco_base,0.003985318908974339,0.029433077459007674,0.009548393418227052,0.057438994551771934
LK_0.001_relift_diagnostic,128,9,9,0,True,loco_base,0.007901332951036984,0.04493985435132645,0.013146988476389955,0.07102877465638459
LK_0.1,1,9,9,0,True,loco_base,0.000137997545269951,0.0002681756763504297,0.0005221268646494952,0.0027693918806938754
LK_0.1,80,9,9,0,True,loco_base,0.011426183592821132,0.0379954148924439,0.019894031237963586,0.10171435419618584
LK_0.1,128,9,9,0,True,loco_base,0.0189171766566648,0.0574511257722803,0.02089367859596868,0.12634459547236032
LK_0.1_relift_diagnostic,1,9,9,0,True,loco_base,0.000137997545269951,0.0002681756763504297,0.0005221268646494952,0.0027693918806938754
LK_0.1_relift_diagnostic,80,9,9,0,True,loco_base,0.011157225572488216,0.03983180339078099,0.01945272495643581,0.10183334880207781
LK_0.1_relift_diagnostic,128,9,9,0,True,loco_base,0.018857666082435054,0.05557238713938982,0.020280039493432416,0.1268295272777535
P,1,9,9,0,True,loco_base,1.0945337201555931e-07,3.2372541678139014e-06,3.9813588429606756e-08,3.919190491447645e-06
P,80,9,9,0,True,loco_base,1.0938837465731352e-06,8.032985422939315e-05,1.7868152249897022e-06,7.560214911149115e-05
P,128,9,9,0,True,loco_base,1.1423817215778297e-06,9.453686946059193e-05,2.357277566356846e-06,0.0001116800945393047
R53_0.001,1,9,9,0,True,loco_base,1.0946965726607134e-07,3.236049800950738e-06,3.950746206773089e-08,4.5275121043824906e-06
R53_0.001,80,9,9,0,True,loco_base,1.1009887443234035e-06,0.00010612146641615785,1.983658006350667e-06,0.0001563651034737653
R53_0.001,128,9,9,0,True,loco_base,1.1132758954538992e-06,0.00017137362418829255,2.766895067588522e-06,0.00019576043349620704
R53_0.1,1,9,9,0,True,loco_base,1.0947440610682344e-07,3.2398443250427485e-06,3.955423767382777e-08,4.228446589359407e-06
R53_0.1,80,9,9,0,True,loco_base,1.0991616350335548e-06,0.00010337856143340661,1.9335289508702573e-06,0.0001397814682295226
R53_0.1,128,9,9,0,True,loco_base,1.1083880552548811e-06,0.0001605039139756927,2.5722976591780603e-06,0.0001813857313695785
Rc_0.001,1,9,9,0,True,loco_base,1.0946320602631208e-07,3.2380466711529226e-06,3.968047122107762e-08,3.89013598113209e-06
Rc_0.001,80,9,9,0,True,loco_base,1.0949573714195678e-06,8.146513169552144e-05,1.8186874532681075e-06,7.404430988939787e-05
Rc_0.001,128,9,9,0,True,loco_base,1.1389255600230069e-06,9.579288307239561e-05,2.396793176901957e-06,0.0001103441999699562
Rc_0.1,1,9,9,0,True,loco_base,1.0946051251124416e-07,3.237833323951286e-06,3.9713271039502364e-08,3.892046591939803e-06
Rc_0.1,80,9,9,0,True,loco_base,1.0946332419156266e-06,8.121210917514032e-05,1.8107501895268203e-06,7.434569214009844e-05
Rc_0.1,128,9,9,0,True,loco_base,1.13957372361055e-06,9.547779515344291e-05,2.3866717949476773e-06,0.00011061441329592715
persistence,1,9,9,0,True,loco_base,0.00023300282326718942,0.00149806796186401,0.0004856082827521583,0.003858582408886167
persistence,80,9,9,0,True,loco_base,0.012957259687780989,0.04263375693103607,0.018068972897184586,0.1588965490159328
persistence,128,9,9,0,True,loco_base,0.02016007761445523,0.055980212756569954,0.01700155144401827,0.15096153950852875
LK_0.001,1,9,9,0,True,loco_long_body,0.00011594255219322166,2.6944178418235435e-05,0.007360472569576773,0.0021334565625664567
LK_0.001,80,9,0,9,True,loco_long_body,,,,
LK_0.001,128,9,0,9,True,loco_long_body,,,,
LK_0.001_relift_diagnostic,1,9,9,0,True,loco_long_body,0.00011594255219322166,2.6944178418235435e-05,0.007360472569576773,0.0021334565625664567
LK_0.001_relift_diagnostic,80,9,0,9,True,loco_long_body,,,,
LK_0.001_relift_diagnostic,128,9,0,9,True,loco_long_body,,,,
LK_0.1,1,9,9,0,True,loco_long_body,9.371962464012675e-05,0.00024376816507464143,0.001441753762672312,0.005457499610149172
LK_0.1,80,9,9,0,True,loco_long_body,0.03770062426484352,0.07433783409303006,0.06781786729712211,0.20735756838466665
LK_0.1,128,9,7,2,True,loco_long_body,0.04524774505182258,0.1171373863171363,0.11169607875735714,0.36330530128468846
LK_0.1_relift_diagnostic,1,9,9,0,True,loco_long_body,9.371962464012675e-05,0.00024376816507464143,0.001441753762672312,0.005457499610149172
LK_0.1_relift_diagnostic,80,9,8,1,True,loco_long_body,0.014602026197524461,0.059971021909093994,0.03130390419109614,0.16175818431241978
LK_0.1_relift_diagnostic,128,9,3,6,True,loco_long_body,0.008768448587608087,0.09391223808512095,0.048632685095280605,0.1485801427111102
P,1,9,9,0,True,loco_long_body,1.5546424581583017e-07,3.7846081208688156e-06,1.0844572052316594e-07,6.3930129712267255e-06
P,80,9,9,0,True,loco_long_body,1.0990084390110038e-06,7.404624867728265e-05,1.2112644243657707e-06,0.00018532105260609974
P,128,9,9,0,True,loco_long_body,1.4658348238556104e-06,0.00011048278060468407,1.8927798615412714e-06,0.00020063132694609145
R53_0.001,1,9,9,0,True,loco_long_body,1.5542352143163096e-07,3.7724372518123573e-06,1.0746817005078994e-07,5.4462748979368775e-06
R53_0.001,80,9,9,0,True,loco_long_body,1.0499724708327113e-06,8.533834081718256e-05,1.1822303505497173e-06,0.0002278709150521059
R53_0.001,128,9,9,0,True,loco_long_body,1.3521374801311143e-06,0.00015569128106910013,1.9102468423809237e-06,0.0002538146885157355
R53_0.1,1,9,9,0,True,loco_long_body,1.554250431582687e-07,3.783877929458853e-06,1.0821958613527204e-07,5.6881793180211595e-06
R53_0.1,80,9,9,0,True,loco_long_body,1.0581842230345123e-06,6.975785528112545e-05,1.1980247126968393e-06,0.00018807496445559358
R53_0.1,128,9,9,0,True,loco_long_body,1.3604266208019813e-06,0.00010968298276938926,1.8758638922922272e-06,0.00021937032767428648
Rc_0.001,1,9,9,0,True,loco_long_body,1.5545412351998654e-07,3.785585835161716e-06,1.0840865293285599e-07,6.498370166512969e-06
Rc_0.001,80,9,9,0,True,loco_long_body,1.0867505938314034e-06,7.695744473505614e-05,1.2080251259279918e-06,0.00018835463552322528
Rc_0.001,128,9,9,0,True,loco_long_body,1.4362920168563888e-06,0.00011659438045284521,1.8939738024106202e-06,0.00020303733381038487
Rc_0.1,1,9,9,0,True,loco_long_body,1.554569383550294e-07,3.785846516328757e-06,1.0842113248575438e-07,6.40881635949675e-06
Rc_0.1,80,9,9,0,True,loco_long_body,1.0901265100577644e-06,7.503814771310223e-05,1.209838992632269e-06,0.0001851957732433974
Rc_0.1,128,9,9,0,True,loco_long_body,1.44436405406089e-06,0.00011222890571903055,1.892883459482351e-06,0.00020041945771830599
persistence,1,9,9,0,True,loco_long_body,0.0003415173950092972,0.0012816642330287671,0.0005432688326916095,0.006010360164299811
persistence,80,9,9,0,True,loco_long_body,0.012995596536670106,0.05028491290394842,0.013267167748816438,0.12125004911386478
persistence,128,9,9,0,True,loco_long_body,0.0213717674709084,0.055315660200794474,0.01402349505888568,0.133151142794618
LK_0.001,1,9,0,9,True,loco_heavy_moderate,,,,
LK_0.001,80,9,0,9,True,loco_heavy_moderate,,,,
LK_0.001,128,9,0,9,True,loco_heavy_moderate,,,,
LK_0.001_relift_diagnostic,1,9,0,9,True,loco_heavy_moderate,,,,
LK_0.001_relift_diagnostic,80,9,0,9,True,loco_heavy_moderate,,,,
LK_0.001_relift_diagnostic,128,9,0,9,True,loco_heavy_moderate,,,,
LK_0.1,1,9,0,9,True,loco_heavy_moderate,,,,
LK_0.1,80,9,0,9,True,loco_heavy_moderate,,,,
LK_0.1,128,9,0,9,True,loco_heavy_moderate,,,,
LK_0.1_relift_diagnostic,1,9,0,9,True,loco_heavy_moderate,,,,
LK_0.1_relift_diagnostic,80,9,0,9,True,loco_heavy_moderate,,,,
LK_0.1_relift_diagnostic,128,9,0,9,True,loco_heavy_moderate,,,,
P,1,9,9,0,True,loco_heavy_moderate,1.3549083884582415e-07,2.8092981444617375e-06,2.880742264687909e-07,4.595014007815367e-06
P,80,9,9,0,True,loco_heavy_moderate,1.1326860066490934e-06,9.350693638031179e-05,6.780925347893069e-05,8.8260248256716e-05
P,128,9,9,0,True,loco_heavy_moderate,3.861701784689925e-06,0.00011575335438946434,0.00010420609530662854,0.00010470710795110752
R53_0.001,1,9,9,0,True,loco_heavy_moderate,1.377442304473765e-07,1.646407415448879e-05,1.4653334183957912e-06,0.001205015448360447
R53_0.001,80,9,9,0,True,loco_heavy_moderate,2.270674991397845e-05,0.029904657443955877,0.003346474890433733,0.06807516040514708
R53_0.001,128,9,8,1,True,loco_heavy_moderate,0.00010527170717197086,0.0369879778847664,0.006961890126449598,0.05325210413011523
R53_0.1,1,9,9,0,True,loco_heavy_moderate,1.3718729521175353e-07,6.785279014871848e-06,7.254332615593038e-07,0.000500339094094442
R53_0.1,80,9,9,0,True,loco_heavy_moderate,1.0229555308523597e-05,0.009563218403259462,0.0008800354084895072,0.01926139435057691
R53_0.1,128,9,9,0,True,loco_heavy_moderate,3.3482534851572844e-05,0.02155168890158331,0.003575172953517733,0.030430260071891275
Rc_0.001,1,9,9,0,True,loco_heavy_moderate,1.3550120647470693e-07,2.81073804484597e-06,3.627725333510854e-07,4.5385657127255085e-06
Rc_0.001,80,9,9,0,True,loco_heavy_moderate,1.1728323889243844e-06,9.451263993281452e-05,7.056905129658877e-05,8.654279812178997e-05
Rc_0.001,128,9,9,0,True,loco_heavy_moderate,3.9192478571607516e-06,0.00011667196401540682,0.00010813946697244138,0.00010310719743757817
Rc_0.1,1,9,9,0,True,loco_heavy_moderate,1.3549519516423024e-07,2.810439589529763e-06,3.1479467434767006e-07,4.5466831520419865e-06
Rc_0.1,80,9,9,0,True,loco_heavy_moderate,1.1552929447045546e-06,9.4245756136702e-05,6.927313305673264e-05,8.673873310544374e-05
Rc_0.1,128,9,9,0,True,loco_heavy_moderate,3.91284714824043e-06,0.0001163423262179179,0.00010665740671358,0.00010329036295266831
persistence,1,9,9,0,True,loco_heavy_moderate,0.0005726309353573256,0.001856554400940047,0.0009946347316981657,0.004511708658544943
persistence,80,9,9,0,True,loco_heavy_moderate,0.025918137394044725,0.05457043341065462,0.04667743582192681,0.15687310103860347
persistence,128,9,9,0,True,loco_heavy_moderate,0.0426495918868273,0.05573238831461949,0.06589948278428738,0.17491683309806025
LK_0.001,1,9,9,0,True,loco_asymmetric,0.0003116684890214535,0.002339010938138567,0.0012997377841268806,0.1541875409158044
LK_0.001,80,9,0,9,True,loco_asymmetric,,,,
LK_0.001,128,9,0,9,True,loco_asymmetric,,,,
LK_0.001_relift_diagnostic,1,9,9,0,True,loco_asymmetric,0.0003116684890214535,0.002339010938138567,0.0012997377841268806,0.1541875409158044
LK_0.001_relift_diagnostic,80,9,0,9,True,loco_asymmetric,,,,
LK_0.001_relift_diagnostic,128,9,0,9,True,loco_asymmetric,,,,
LK_0.1,1,9,9,0,True,loco_asymmetric,0.011233809055116013,0.0017064612783742222,0.015682383421641997,0.12868860047182837
LK_0.1,80,9,0,9,True,loco_asymmetric,,,,
LK_0.1,128,9,0,9,True,loco_asymmetric,,,,
LK_0.1_relift_diagnostic,1,9,9,0,True,loco_asymmetric,0.011233809055116013,0.0017064612783742222,0.015682383421641997,0.12868860047182837
LK_0.1_relift_diagnostic,80,9,0,9,True,loco_asymmetric,,,,
LK_0.1_relift_diagnostic,128,9,0,9,True,loco_asymmetric,,,,
P,1,9,9,0,True,loco_asymmetric,1.2767723219045198e-07,3.8922690029497475e-06,5.3700738726278085e-08,4.649085361563828e-06
P,80,9,9,0,True,loco_asymmetric,1.060868035932849e-06,0.00010395375532770237,1.3533668789524745e-06,0.0001738465942082366
P,128,9,9,0,True,loco_asymmetric,1.5387332900945696e-06,0.00018929716622955063,1.54592325908177e-06,0.00025434091940426006
R53_0.001,1,9,9,0,True,loco_asymmetric,1.275712995314155e-07,4.146832496834878e-06,8.841434160833035e-08,0.00012195026341327909
R53_0.001,80,9,9,0,True,loco_asymmetric,1.753130662686615e-06,0.002206297017440975,3.7436840212014586e-05,0.004555848927276809
R53_0.001,128,9,9,0,True,loco_asymmetric,3.3450341745078914e-06,0.005104032424389138,7.19935418933263e-05,0.008096985574911284
R53_0.1,1,9,9,0,True,loco_asymmetric,1.2781585880920438e-07,3.873817910831427e-06,8.151524268153646e-08,2.6990897289307872e-05
R53_0.1,80,9,9,0,True,loco_asymmetric,1.6293219776615054e-06,0.0006140604031573377,8.937422262688416e-06,0.001404899613437995
R53_0.1,128,9,9,0,True,loco_asymmetric,3.7519564326107037e-06,0.0017740349343627647,1.615871897855526e-05,0.0029846251677195005
Rc_0.001,1,9,9,0,True,loco_asymmetric,1.2767298088802525e-07,3.884883840414809e-06,5.3341030954290596e-08,7.285649826548519e-06
Rc_0.001,80,9,9,0,True,loco_asymmetric,1.0557285333105572e-06,0.00016753560680536584,2.6751431782906523e-06,0.00032953029332540853
Rc_0.001,128,9,9,0,True,loco_asymmetric,1.5170197130383065e-06,0.00039766546806638676,4.381048985969842e-06,0.0006283424205955399
Rc_0.1,1,9,9,0,True,loco_asymmetric,1.2767413321108928e-07,3.885048954376266e-06,5.336998211960542e-08,7.238716148335695e-06
Rc_0.1,80,9,9,0,True,loco_asymmetric,1.0574320815118498e-06,0.0001667590374403502,2.6602558959487882e-06,0.00032767734014387944
Rc_0.1,128,9,9,0,True,loco_asymmetric,1.5219548554002148e-06,0.0003951923363264435,4.354209513482026e-06,0.0006234611213379574
persistence,1,9,9,0,True,loco_asymmetric,0.00018475715324291228,0.0017502119353045938,0.0005462473564289194,0.0049528603917804006
persistence,80,9,9,0,True,loco_asymmetric,0.008960744905673241,0.055400868625385506,0.018126659894497976,0.16125879847818986
persistence,128,9,9,0,True,loco_asymmetric,0.013945107697618463,0.06012218093178513,0.017341977210206267,0.15964223306163217
LK_0.001,1,9,9,0,True,loco_uuv6,6.71958840157773e-06,1.9739236512780577e-05,0.0001744260973670437,0.001144703679309837
LK_0.001,80,9,9,0,True,loco_uuv6,0.004090570718624077,0.014412647183878127,0.00939496342416323,0.039970083639738765
LK_0.001,128,9,9,0,True,loco_uuv6,0.01063508239347463,0.02982785522501989,0.01601718147811169,0.04714753218069873
LK_0.001_relift_diagnostic,1,9,9,0,True,loco_uuv6,6.71958840157773e-06,1.9739236512780577e-05,0.0001744260973670437,0.001144703679309837
LK_0.001_relift_diagnostic,80,9,9,0,True,loco_uuv6,0.00395376609032758,0.013250649175331123,0.008229500957664107,0.026029924258680035
LK_0.001_relift_diagnostic,128,9,9,0,True,loco_uuv6,0.008131475924670744,0.021553227854832713,0.010373961742234478,0.034748541032245145
LK_0.1,1,9,9,0,True,loco_uuv6,7.605892552857744e-05,0.0001482353871840949,0.0006313350465723126,0.005172111782730483
LK_0.1,80,9,9,0,True,loco_uuv6,0.009032373967764967,0.03675037857460437,0.023718828459232438,0.09109720515101503
LK_0.1,128,9,9,0,True,loco_uuv6,0.01878998827579228,0.05418235681720088,0.03200571688457681,0.12073534388473241
LK_0.1_relift_diagnostic,1,9,9,0,True,loco_uuv6,7.605892552857744e-05,0.0001482353871840949,0.0006313350465723126,0.005172111782730483
LK_0.1_relift_diagnostic,80,9,9,0,True,loco_uuv6,0.008311837783531246,0.0300203055238286,0.021041952331431288,0.0835497030796682
LK_0.1_relift_diagnostic,128,9,9,0,True,loco_uuv6,0.016471939670844107,0.04473022784779364,0.02473466309691188,0.10112218019115447
P,1,9,9,0,True,loco_uuv6,1.2807675136468812e-07,3.761499647588957e-06,5.196265258492791e-08,4.724807927448225e-06
P,80,9,9,0,True,loco_uuv6,7.734388830858991e-07,7.987722620656351e-05,2.113668623253038e-06,8.903322330382739e-05
P,128,9,9,0,True,loco_uuv6,1.0882267578979415e-06,9.113087241647128e-05,2.966413187746739e-06,0.00012223775618490804
R53_0.001,1,9,9,0,True,loco_uuv6,1.280780835413518e-07,3.7635323839351895e-06,5.154594235939961e-08,8.011324385316617e-06
R53_0.001,80,9,9,0,True,loco_uuv6,7.609142158500212e-07,0.00013188570202513365,2.088648578593283e-06,0.00019793613982258101
R53_0.001,128,9,9,0,True,loco_uuv6,9.829538501360113e-07,0.00019130974211336755,3.1146620553894324e-06,0.00021806720880586416
R53_0.1,1,9,9,0,True,loco_uuv6,1.280775953783725e-07,3.7615783545950865e-06,5.1504015013638194e-08,7.681339608336215e-06
R53_0.1,80,9,9,0,True,loco_uuv6,7.585752328592271e-07,0.00012308568271474714,2.175992791964474e-06,0.000180886191831965
R53_0.1,128,9,9,0,True,loco_uuv6,9.797419720701474e-07,0.00018050395537825523,3.227122103545263e-06,0.00020967566482731884
Rc_0.001,1,9,9,0,True,loco_uuv6,1.2807341691336496e-07,3.763348827049364e-06,5.200409334132256e-08,4.732292371953829e-06
Rc_0.001,80,9,9,0,True,loco_uuv6,7.719225364272645e-07,8.135740016835612e-05,2.192312550617161e-06,8.795158872707143e-05
Rc_0.001,128,9,9,0,True,loco_uuv6,1.1196936908052688e-06,9.304878614386696e-05,3.1266228156959855e-06,0.00012105361112617498
Rc_0.1,1,9,9,0,True,loco_uuv6,1.2807432478586443e-07,3.762903008762939e-06,5.198616757410813e-08,4.72526528598924e-06
Rc_0.1,80,9,9,0,True,loco_uuv6,7.72202239096013e-07,8.09999687769213e-05,2.171833377593889e-06,8.814057783100565e-05
Rc_0.1,128,9,9,0,True,loco_uuv6,1.110535222640383e-06,9.25342428546808e-05,3.0835903289746127e-06,0.00012127658212838115
persistence,1,9,9,0,True,loco_uuv6,0.00019323694688358625,0.0013353328965594942,0.000503541906913887,0.005214158336671805
persistence,80,9,9,0,True,loco_uuv6,0.009864669476932738,0.053421189363878574,0.019355830367788217,0.1334140630686658
persistence,128,9,9,0,True,loco_uuv6,0.017007875245468616,0.06732419221156175,0.02017337411489824,0.13373151436715547
LK_0.001,1,9,9,0,True,loco_uuv6_angled,1.2631423608962742e-05,2.552902685683446e-05,0.00017603359619544168,0.0013875386323459942
LK_0.001,80,9,9,0,True,loco_uuv6_angled,0.005453262482882713,0.024597471308707687,0.013119603329658058,0.05627707302819315
LK_0.001,128,9,9,0,True,loco_uuv6_angled,0.011463829404900268,0.04267958425241786,0.016543947487844827,0.10817607494375973
LK_0.001_relift_diagnostic,1,9,9,0,True,loco_uuv6_angled,1.2631423608962742e-05,2.552902685683446e-05,0.00017603359619544168,0.0013875386323459942
LK_0.001_relift_diagnostic,80,9,9,0,True,loco_uuv6_angled,0.0053981563959826845,0.021809882109307743,0.012462665724582439,0.04497938504990703
LK_0.001_relift_diagnostic,128,9,9,0,True,loco_uuv6_angled,0.012105738403092895,0.04261803117846907,0.018074318472148954,0.09014199543131385
LK_0.1,1,9,9,0,True,loco_uuv6_angled,0.00013150154186145543,0.00015359410827854963,0.0005005314889152613,0.004993707308946432
LK_0.1,80,9,9,0,True,loco_uuv6_angled,0.007547320148358202,0.03245191407258389,0.02080940964619023,0.08856446045776865
LK_0.1,128,9,9,0,True,loco_uuv6_angled,0.013432873241716027,0.0471733013534301,0.027472599024309072,0.10713156002803402
LK_0.1_relift_diagnostic,1,9,9,0,True,loco_uuv6_angled,0.00013150154186145543,0.00015359410827854963,0.0005005314889152613,0.004993707308946432
LK_0.1_relift_diagnostic,80,9,9,0,True,loco_uuv6_angled,0.007839580179839798,0.035688133599956505,0.019897823290404265,0.095243432007508
LK_0.1_relift_diagnostic,128,9,9,0,True,loco_uuv6_angled,0.015250417268696113,0.06224941810185159,0.04190193066867105,0.12440168704095865
P,1,9,9,0,True,loco_uuv6_angled,1.283037826004332e-07,3.4425803403882877e-06,3.1825069682160645e-08,4.1900670407620575e-06
P,80,9,9,0,True,loco_uuv6_angled,7.958187266074339e-07,7.798257390328598e-05,1.2943252561237962e-06,8.624338525862293e-05
P,128,9,9,0,True,loco_uuv6_angled,1.1619205570717634e-06,9.323154496418238e-05,2.389546306982298e-06,0.00011024884342553783
R53_0.001,1,9,9,0,True,loco_uuv6_angled,1.2833387158848906e-07,3.447579003505809e-06,3.1518964726850474e-08,5.938187087696829e-06
R53_0.001,80,9,9,0,True,loco_uuv6_angled,7.523764417622365e-07,8.559074001474939e-05,1.2233930058101533e-06,0.00011661003897499108
R53_0.001,128,9,9,0,True,loco_uuv6_angled,1.0062538438658089e-06,0.00012147805985979884,2.4641101820269947e-06,0.00016248060868826226
R53_0.1,1,9,9,0,True,loco_uuv6_angled,1.2833373174222333e-07,3.4447153274542935e-06,3.1481077830662464e-08,5.670386963926223e-06
R53_0.1,80,9,9,0,True,loco_uuv6_angled,7.564877720454302e-07,8.415989065205709e-05,1.2447683154038133e-06,0.00011814896822827647
R53_0.1,128,9,9,0,True,loco_uuv6_angled,1.0079911580964248e-06,0.00011994354861413742,2.398364339588251e-06,0.00015197179346472587
Rc_0.001,1,9,9,0,True,loco_uuv6_angled,1.2830274653430445e-07,3.4451307080341374e-06,3.181550138911462e-08,4.1803333717526875e-06
Rc_0.001,80,9,9,0,True,loco_uuv6_angled,7.874326451345281e-07,7.990965552360488e-05,1.306150759807442e-06,8.518224447666779e-05
Rc_0.001,128,9,9,0,True,loco_uuv6_angled,1.1389973672337698e-06,9.509778797560777e-05,2.388084515141145e-06,0.00010914541238337097
Rc_0.1,1,9,9,0,True,loco_uuv6_angled,1.2830302193798894e-07,3.4444861305195138e-06,3.181535665989411e-08,4.180548850030152e-06
Rc_0.1,80,9,9,0,True,loco_uuv6_angled,7.896486647188157e-07,7.937746714281553e-05,1.3019454953624496e-06,8.524813782222127e-05
Rc_0.1,128,9,9,0,True,loco_uuv6_angled,1.144910256060991e-06,9.451580910037441e-05,2.3880174427676247e-06,0.0001092445804368746
persistence,1,9,9,0,True,loco_uuv6_angled,0.00014103528740238923,0.0013045482242784766,0.0004538801221469408,0.005441080323519618
persistence,80,9,9,0,True,loco_uuv6_angled,0.008403401059581008,0.04073273861963229,0.015955323855596643,0.13443506972099672
persistence,128,9,9,0,True,loco_uuv6_angled,0.014084924496089633,0.04929109686071109,0.01670087613361429,0.1434030833807639
LK_0.001,1,9,9,0,True,loco_uuv4,3.4895887340596383e-06,2.0649994081077825e-05,0.0001584786576444126,0.001301555953644359
LK_0.001,80,9,9,0,True,loco_uuv4,0.004660730980839177,0.02791014441507636,0.011456685096179179,0.06307649329039736
LK_0.001,128,9,9,0,True,loco_uuv4,0.011689820689821197,0.05302527872744551,0.018434473145827423,0.0729141739360235
LK_0.001_relift_diagnostic,1,9,9,0,True,loco_uuv4,3.4895887340596383e-06,2.0649994081077825e-05,0.0001584786576444126,0.001301555953644359
LK_0.001_relift_diagnostic,80,9,9,0,True,loco_uuv4,0.0025637910130672584,0.022627827863795615,0.005872781306823183,0.042412450427138454
LK_0.001_relift_diagnostic,128,9,9,0,True,loco_uuv4,0.006105291266403716,0.03857889593917154,0.009672909954921894,0.04408045082625786
LK_0.1,1,9,9,0,True,loco_uuv4,4.7160230646160403e-05,0.00022149633115704846,0.0005490686801240055,0.004266945641491631
LK_0.1,80,9,9,0,True,loco_uuv4,0.00749014083076221,0.04739678493114003,0.020121551519453995,0.10921889176707883
LK_0.1,128,9,9,0,True,loco_uuv4,0.013985850125637238,0.0630463836412176,0.023870943165026474,0.12581303356183185
LK_0.1_relift_diagnostic,1,9,9,0,True,loco_uuv4,4.7160230646160403e-05,0.00022149633115704846,0.0005490686801240055,0.004266945641491631
LK_0.1_relift_diagnostic,80,9,9,0,True,loco_uuv4,0.008468803616041734,0.05434112014705335,0.02217102153885202,0.10810172266961886
LK_0.1_relift_diagnostic,128,9,9,0,True,loco_uuv4,0.01861179428143973,0.0704658264110199,0.025559164842393626,0.11845834215964811
P,1,9,9,0,True,loco_uuv4,1.043802789550329e-07,3.691961287401321e-06,4.215495664638911e-08,3.3371558034241127e-06
P,80,9,9,0,True,loco_uuv4,7.639890037440186e-07,8.195692723135149e-05,1.4445856328899596e-06,7.729715566754059e-05
P,128,9,9,0,True,loco_uuv4,9.60881245603791e-07,8.731945546871608e-05,1.9518508784253636e-06,0.00011458785286242676
R53_0.001,1,9,9,0,True,loco_uuv4,1.0439389919314746e-07,3.694726816873358e-06,4.2249528370961354e-08,3.839626874303748e-06
R53_0.001,80,9,9,0,True,loco_uuv4,7.722752259730438e-07,8.896667981910971e-05,1.4459196582056936e-06,9.058858224204935e-05
R53_0.001,128,9,9,0,True,loco_uuv4,9.211615363248236e-07,0.00010721397617807906,1.964338372310615e-06,0.00013443915074338653
R53_0.1,1,9,9,0,True,loco_uuv4,1.0438480969885807e-07,3.693123863667965e-06,4.208955638896251e-08,3.6377414124580583e-06
R53_0.1,80,9,9,0,True,loco_uuv4,7.732252232441626e-07,8.364193957004863e-05,1.4104873475818405e-06,7.93670586855012e-05
R53_0.1,128,9,9,0,True,loco_uuv4,9.280626859536966e-07,9.558427781195179e-05,1.9034347411896356e-06,0.00012008237472079024
Rc_0.001,1,9,9,0,True,loco_uuv4,1.0438129607772823e-07,3.693337630958079e-06,4.2274759777511784e-08,3.3419770607293946e-06
Rc_0.001,80,9,9,0,True,loco_uuv4,7.670928101407465e-07,8.328610894193582e-05,1.4712964540899126e-06,7.589525898134581e-05
Rc_0.001,128,9,9,0,True,loco_uuv4,9.579011957973142e-07,8.909152048580388e-05,2.0096287230338414e-06,0.0001133938575211745
Rc_0.1,1,9,9,0,True,loco_uuv4,1.0438099150886363e-07,3.693043697744088e-06,4.2239811350591796e-08,3.340374280919246e-06
Rc_0.1,80,9,9,0,True,loco_uuv4,7.662048547018099e-07,8.30038335886755e-05,1.4645130560472408e-06,7.612208399834745e-05
Rc_0.1,128,9,9,0,True,loco_uuv4,9.584759792484543e-07,8.865364956519188e-05,1.9949980162051166e-06,0.00011359839336762232
persistence,1,9,9,0,True,loco_uuv4,0.000179445423224641,0.0013627712774870906,0.0005200760964520165,0.004480409042683681
persistence,80,9,9,0,True,loco_uuv4,0.00556874967984588,0.05475350473226789,0.01690931368786744,0.13902047886803703
persistence,128,9,9,0,True,loco_uuv4,0.008524134951866243,0.06498423681993333,0.01818454491303856,0.13640522193280696
LK_0.001,1,9,9,0,True,loco_uuv4_angled,2.7702534153724955e-06,9.43006368224481e-06,8.950801818588444e-05,0.0005442248948080443
LK_0.001,80,9,9,0,True,loco_uuv4_angled,0.0024826398714975165,0.01137663449444178,0.005911629723714162,0.022100138942718252
LK_0.001,128,9,9,0,True,loco_uuv4_angled,0.0052749859308609945,0.016662990259124186,0.007130237934813171,0.02296544143618734
LK_0.001_relift_diagnostic,1,9,9,0,True,loco_uuv4_angled,2.7702534153724955e-06,9.43006368224481e-06,8.950801818588444e-05,0.0005442248948080443
LK_0.001_relift_diagnostic,80,9,9,0,True,loco_uuv4_angled,0.001992605658239478,0.009966892121363789,0.004185868680623527,0.01916014229291174
LK_0.001_relift_diagnostic,128,9,9,0,True,loco_uuv4_angled,0.003966019426107778,0.01334953565863209,0.005004659961340308,0.020169122343830434
LK_0.1,1,9,9,0,True,loco_uuv4_angled,7.428046481496556e-05,0.00016990164834945352,0.0004258481368665468,0.0025903518615028364
LK_0.1,80,9,9,0,True,loco_uuv4_angled,0.007420754705951707,0.034350297167912915,0.015440944536796305,0.0824325963095496
LK_0.1,128,9,9,0,True,loco_uuv4_angled,0.013818829966653899,0.04099024100062536,0.01660442252064533,0.10206173423654737
LK_0.1_relift_diagnostic,1,9,9,0,True,loco_uuv4_angled,7.428046481496556e-05,0.00016990164834945352,0.0004258481368665468,0.0025903518615028364
LK_0.1_relift_diagnostic,80,9,9,0,True,loco_uuv4_angled,0.007229815795816441,0.0335075317526849,0.01631626764516336,0.07966781469167505
LK_0.1_relift_diagnostic,128,9,9,0,True,loco_uuv4_angled,0.013738525100268233,0.03862784523837647,0.017160829066281604,0.10359617123191764
P,1,9,9,0,True,loco_uuv4_angled,1.4987120604100877e-07,2.8058006794412016e-06,1.8446712610367204e-08,2.9296641211472582e-06
P,80,9,9,0,True,loco_uuv4_angled,1.2103879066137506e-06,8.086444031169968e-05,1.9455763703028656e-06,7.725767519788713e-05
P,128,9,9,0,True,loco_uuv4_angled,1.287269176529196e-06,9.530224941894149e-05,2.5769991084928243e-06,0.00010629313119004023
R53_0.001,1,9,9,0,True,loco_uuv4_angled,1.4988128870440568e-07,2.8066974300408083e-06,1.820586827841094e-08,2.9036094232137606e-06
R53_0.001,80,9,9,0,True,loco_uuv4_angled,1.2279709893659566e-06,8.524703137936566e-05,2.0421544719546805e-06,7.737135711610046e-05
R53_0.001,128,9,9,0,True,loco_uuv4_angled,1.3029438094112017e-06,0.00010356536521746136,2.775833348759281e-06,0.00011432831500782781
R53_0.1,1,9,9,0,True,loco_uuv4_angled,1.4988886532513223e-07,2.8067501711536265e-06,1.8253158567631932e-08,2.8308139378153087e-06
R53_0.1,80,9,9,0,True,loco_uuv4_angled,1.2389971298847278e-06,8.385153479275787e-05,1.9855696808835814e-06,7.809514874111272e-05
R53_0.1,128,9,9,0,True,loco_uuv4_angled,1.3234862359385765e-06,0.000102836632204623,2.7330705349370473e-06,0.0001132380263400221
Rc_0.001,1,9,9,0,True,loco_uuv4_angled,1.4986492931369027e-07,2.8064512917424004e-06,1.8827642201633804e-08,2.929093136014345e-06
Rc_0.001,80,9,9,0,True,loco_uuv4_angled,1.1986982158708098e-06,8.203694441658474e-05,1.9934115029377636e-06,7.57890036996696e-05
Rc_0.001,128,9,9,0,True,loco_uuv4_angled,1.2808514693383004e-06,9.656991116487152e-05,2.652614515936715e-06,0.0001053326371491357
Rc_0.1,1,9,9,0,True,loco_uuv4_angled,1.498666406284961e-07,2.8062754654544895e-06,1.8711672782913738e-08,2.928210776172669e-06
Rc_0.1,80,9,9,0,True,loco_uuv4_angled,1.2017287284435483e-06,8.175678419768923e-05,1.9819619274020555e-06,7.60673367467428e-05
Rc_0.1,128,9,9,0,True,loco_uuv4_angled,1.2817702684413818e-06,9.624919937334435e-05,2.6341438780449157e-06,0.00010552784475402137
persistence,1,9,9,0,True,loco_uuv4_angled,0.00018722166292945477,0.0013846158804444123,0.0005343404628510272,0.004303541122162313
persistence,80,9,9,0,True,loco_uuv4_angled,0.011102724476562463,0.05065550206794208,0.016362671977011613,0.14097988466101058
persistence,128,9,9,0,True,loco_uuv4_angled,0.01878887730334556,0.052884498253403515,0.016972461404108116,0.14677858236051097
